{
  "track_1": {
    "num_detections": 3,
    "duration": 0.08000000000000007,
    "num_features": 1,
    "features": [
      {
        "timestamp": 1.0,
        "frame_id": 25,
        "confidence": 0.5323827862739563,
        "feature_vector": [
          0.02978658676147461,
          1.5132017135620117,
          0.0,
          0.0,
          1.5448004007339478,
          0.7167515754699707,
          0.0,
          3.305265426635742,
          0.0,
          0.9643203020095825,
          0.0,
          0.29332566261291504,
          1.567903995513916,
          1.1009635925292969,
          1.4978517293930054,
          2.260174036026001,
          0.0,
          0.0,
          0.5690532922744751,
          0.0,
          0.2792068421840668,
          2.4460887908935547,
          0.0,
          0.0,
          0.7339726686477661,
          0.0,
          0.687165379524231,
          0.0,
          0.0,
          0.0,
          1.3685579299926758,
          1.1413257122039795,
          0.0,
          0.0,
          0.7669336795806885,
          0.0,
          0.0,
          0.5144147872924805,
          0.2296895980834961,
          0.0,
          0.0,
          0.0,
          2.1366727352142334,
          0.542621910572052,
          0.0,
          0.3845806121826172,
          0.8737523555755615,
          2.497464656829834,
          1.4853553771972656,
          0.06971359252929688,
          0.0,
          0.0,
          0.0,
          0.0,
          0.0,
          2.4873061180114746,
          0.9348468780517578,
          1.3290398120880127,
          0.0,
          0.0,
          0.24375486373901367,
          1.7506320476531982,
          1.30890953540802,
          0.0,
          2.3120248317718506,
          0.0,
          0.4840320944786072,
          0.4827125072479248,
          0.0,
          0.0,
          0.0,
          0.36637449264526367,
          2.036275863647461,
          0.0,
          1.387014627456665,
          0.7151464819908142,
          0.4997120499610901,
          0.0,
          3.076046943664551,
          0.024820566177368164,
          0.15123510360717773,
          0.0,
          0.805027186870575,
          0.0,
          0.0,
          0.0,
          0.0,
          0.708281397819519,
          1.113240122795105,
          0.0,
          2.52664852142334,
          0.0,
          0.0,
          0.0,
          1.2543530464172363,
          1.1038472652435303,
          0.0,
          3.8849029541015625,
          0.3105844259262085,
          0.0,
          0.13262593746185303,
          0.0,
          0.4511299133300781,
          0.5342531800270081,
          0.7783303260803223,
          1.5494199991226196,
          0.4213677644729614,
          0.0,
          0.0,
          3.179511070251465,
          1.4719781875610352,
          0.46404457092285156,
          0.35137999057769775,
          0.4699140787124634,
          0.0,
          3.380113363265991,
          1.5182230472564697,
          1.488808035850525,
          1.1514427661895752,
          1.5687007904052734,
          0.0,
          0.0,
          0.0,
          0.0,
          0.0,
          0.0,
          2.8461573123931885,
          0.4261479377746582,
          0.5438425540924072,
          0.0,
          0.7254471182823181,
          0.0,
          2.3854117393493652,
          0.29100680351257324,
          0.2961955666542053,
          0.0,
          0.0,
          1.488929271697998,
          1.1640806198120117,
          0.8032591342926025,
          0.0,
          0.0,
          0.0,
          0.0,
          0.0,
          0.0,
          0.0,
          1.34050714969635,
          0.0,
          1.952941656112671,
          2.088634490966797,
          1.3112236261367798,
          0.0,
          1.1696529388427734,
          0.0,
          0.0,
          0.0,
          3.6450772285461426,
          0.10260021686553955,
          0.0,
          0.0,
          0.0,
          1.3004518747329712,
          0.0,
          0.0,
          0.0,
          0.4793781042098999,
          2.813854694366455,
          0.0,
          0.0,
          0.9641972184181213,
          2.616863965988159,
          0.0,
          0.0,
          0.0,
          0.0,
          0.0,
          0.0,
          2.7071990966796875,
          0.2854941487312317,
          0.0,
          0.1384132206439972,
          0.0,
          4.441178798675537,
          0.0,
          0.0,
          0.9543336033821106,
          0.0,
          0.318628191947937,
          0.035350799560546875,
          2.369389057159424,
          1.9107455015182495,
          0.0,
          0.0,
          3.3091883659362793,
          0.0334620475769043,
          0.4207723140716553,
          0.37995052337646484,
          0.40118151903152466,
          0.5892139673233032,
          0.0,
          0.12660503387451172,
          0.0,
          1.2423124313354492,
          0.5795235633850098,
          0.0,
          1.6618833541870117,
          0.0,
          0.3058505654335022,
          0.0,
          0.0,
          2.884772539138794,
          0.0,
          0.0,
          0.0,
          0.0,
          1.5933163166046143,
          1.1862151622772217,
          0.0,
          0.0,
          2.5580406188964844,
          2.055734634399414,
          1.3630199432373047,
          1.2799792289733887,
          0.0,
          2.2373769283294678,
          0.0,
          0.0,
          0.0,
          0.9456322193145752,
          0.0,
          5.939162254333496,
          0.0,
          0.02820044755935669,
          1.3125975131988525,
          1.7949659824371338,
          0.0,
          0.0,
          0.0,
          0.7047888040542603,
          0.0,
          0.2612318992614746,
          0.0,
          2.903231143951416,
          0.0,
          1.111731767654419,
          0.0,
          0.0,
          2.350088119506836,
          0.0,
          2.296976089477539,
          0.0,
          0.8077758550643921,
          0.5994457006454468,
          0.0,
          0.0,
          0.22342979907989502,
          0.0,
          0.0,
          0.9784968495368958,
          0.0,
          3.107722282409668,
          0.0,
          0.0,
          0.0,
          2.433070421218872,
          1.586933970451355,
          2.9397165775299072,
          0.2191920280456543,
          0.20532894134521484,
          1.871645450592041,
          0.4950776696205139,
          0.11260628700256348,
          0.12062084674835205,
          0.02847445011138916,
          0.0,
          0.0,
          0.980829119682312,
          0.0,
          0.0,
          0.0,
          0.0,
          0.0,
          0.0,
          0.0,
          0.0,
          2.397937297821045,
          3.0654914379119873,
          2.6291937828063965,
          0.327142596244812,
          0.5298300981521606,
          0.2084072232246399,
          1.1976114511489868,
          0.6680124998092651,
          0.7889043688774109,
          0.0,
          0.0,
          0.0,
          2.171229362487793,
          1.7619273662567139,
          1.5223838090896606,
          0.0,
          0.0,
          0.0,
          0.0,
          2.136683464050293,
          0.7401659488677979,
          1.9140570163726807,
          0.0,
          0.0,
          2.6455461978912354,
          2.891692876815796,
          0.8643895387649536,
          0.25559163093566895,
          0.0,
          0.0,
          0.0,
          0.12691009044647217,
          0.0,
          0.0,
          1.8958849906921387,
          0.0,
          2.9434638023376465,
          3.75577974319458,
          0.0,
          0.0,
          0.3730485439300537,
          0.0,
          0.20018136501312256,
          0.2593085765838623,
          0.21634352207183838,
          2.4678478240966797,
          0.0,
          0.0,
          0.0,
          0.0,
          0.0,
          0.0,
          0.0,
          0.6202439069747925,
          5.288443565368652,
